Region,Technology Type,EP,AP,Particulate Matter Formation Potential,SFP,GWP,ODP,Water Consumption
CAISO,Biomass,0.261126087248885,4.42788437515528,0.22569723329162,143.442797313128,1212.19367981060,0.0000695711215335923,35.4508569618
CAISO,Coal,0.076411153805280,2.22569138928866,0.25345835683195,31.423691569803,1151.57117354178,0.0000239962724679855,8168.4733004253
CAISO,Natural gas,0.083912064728524,1.18133664794849,0.03837376157830,40.031167198798,661.90446798712,0.0000008812252305366,426.7292386350
CAISO,Geothermal,0.003410740393458,0.38208177298185,0.01063179913531,0.466420890152,121.77691109606,0.0000000000099184272,127.6929490278
CAISO,Hydro,0.000188523396840,0.00263543424449,0.00416849110411,0.034354975490,13.04227135294,0.0000000018777197147,0.5764379896
CAISO,Mixed,0.100022777444282,1.74074668370237,0.15202673930145,49.336165985990,998.92968454935,0.0000199271069619817,1590.8854817878
CAISO,Nuclear,0.022424011762037,0.24983613603558,0.01348293666316,2.110844320298,19.89861505215,0.0000000042777068578,259.4507985136
CAISO,Other fossil,0.337003016187481,5.37326072661218,0.08079227059148,183.543417858967,999.83899184638,0.0000000371001674614,0.2743023349
CAISO,Petroleum,0.226873498732236,6.39405742081866,0.47155362318809,100.431070781593,1154.94147932255,0.0000062401215059718,428.4663621428
CAISO,Other fuels,0.414636945543866,8.61871115039995,3.16830690127655,160.277208417870,1.22572091298,0.0000000002692156549,-0.0201728328
CAISO,Solar,0.006942480585668,0.10026713960416,0.02029868026221,1.141201380420,22.46288987252,0.0000004821544783357,-0.0213523752
CAISO,Solar thermal,0.076084862418585,0.51820157625628,0.01123419658723,638.572702790086,85.25205814477,0.0000000071611258185,-4955.8107932395
CAISO,Wind,0.054676505412002,0.10531309183113,0.02225330191056,1.486111299974,29.59449233329,0.0000000155143995606,0.4306739620
CAISO,SCPC,0.044006493156141,1.01361830309978,0.12858604553173,13.977206263972,951.29976686801,0.0000000261071298586,8785.5214652349
CAISO,SCPC w/ CCS,0.053192612505398,0.82218401828592,0.12147730619605,16.656102078955,289.88898012880,0.0000000320309155854,15909.5795268448
CAISO,SubPC,0.046367276714749,1.06423520665160,0.13402765919225,14.742625542561,992.73257907686,0.0000000269902620990,9290.5904199034
CAISO,SubPC w/ CCS,0.055068950276226,0.85093892375565,0.12650148405925,17.221468979667,302.12118728323,0.0000000331462951856,16730.3367843564
CAISO,NGCC,0.028517283404285,0.41807080012136,0.00622256885831,14.656667414209,468.60154221632,0.0000000038702891994,3140.0928956812
CAISO,NGCC w/ CCS,0.032473750572019,0.47538309278915,0.00907185404417,16.587040360362,154.93268066322,0.0000000045960712469,5382.4842252512
CAISO,OxyPC w/ CCS,0.051375139535879,0.79032134553768,0.13838588258512,15.960058906399,280.23809490531,0.0000000338839718837,14723.0493589023
CAISO,SOFC Coal Conventional Gasifier w/ CCS,0.018340901550308,0.27290631428573,0.05226486642552,4.881925735085,141.00099109791,0.0000000363972412472,5920.7897711286
CAISO,SOFC NG w/ CCS,0.023606937920429,0.35311755283282,0.01133536582409,11.814696946660,95.44442884591,0.0000000032378258544,4632.1081035256
CAISO,SubPC w/ CCS w/ NG Aux,0.065354700250087,1.19559084306169,1.75492419724468,23.133291759972,437.67379527672,0.0000127904932274319,14118.5255964168
ERCOT,Biomass,0.261343368019925,4.43156877965598,0.22588503401803,143.562154830903,1213.20233574450,0.0000696290110653822,35.4803553150
ERCOT,Coal,0.069919357257830,2.46208802818719,0.33678968796580,26.690709875077,1155.03108283618,0.0000292577785091179,11572.8557116037
ERCOT,Natural gas,0.091038837385007,1.25652648528635,0.04816503757115,42.204136599500,629.51769039366,0.0000019549465276677,598.3359270877
ERCOT,Geothermal,0.003413578441201,0.38239969993855,0.01064064576392,0.466808994962,121.87824061628,0.0000000000099266803,127.7992012323
ERCOT,Hydro,0.000188680265537,0.00263762716666,0.00417195966970,0.034383561969,13.05312371475,0.0000000018792821491,0.5769176387
ERCOT,Mixed,0.110591857348507,4.37566350126034,0.41543645874884,50.099042512512,1140.15285153998,0.0000211306459957060,8592.3191413856
ERCOT,Nuclear,0.022516088154718,0.25119307094069,0.01354232046436,2.140734499283,19.91517251857,0.0000000042812663009,1190.1577492180
ERCOT,Other fossil,0.337283433498411,5.37773177064297,0.08085949714488,183.696142758160,1000.67094927106,0.0000000371310381916,0.2745305796
ERCOT,Petroleum,0.227062278219006,6.39937786099799,0.47194599890172,100.514638611700,1155.90249619289,0.0000062453138574005,428.8228853171
ERCOT,Other fuels,0.414981961379621,8.62588270581160,3.17094322219590,160.410573704319,1.22674082481,0.0000000002694396669,-0.0201896184
ERCOT,Solar,0.006948257364045,0.10035057102855,0.02031557061945,1.142150964272,22.48158104996,0.0000004825556749297,-0.0213701424
ERCOT,Solar thermal,0.076148171978136,0.51863276733041,0.01124354446558,639.104053643190,85.32299564903,0.0000000071670845297,-4959.9344807715
ERCOT,Wind,0.054722001261838,0.10540072194896,0.02227181869166,1.487347880403,29.61911765580,0.0000000155273089590,0.4310323221
ERCOT,SCPC,0.044043110580560,1.01446172617082,0.12869304087415,13.988836577074,952.09133522111,0.0000000261288533768,8792.8318220746
ERCOT,SCPC w/ CCS,0.053236873620711,0.82286815053526,0.12157838641761,16.669961478222,290.13019425559,0.0000000320575682347,15922.8177511177
ERCOT,SubPC,0.046405858526860,1.06512074761270,0.13413918245458,14.754892754461,993.55862331660,0.0000000270127204640,9298.3210402758
ERCOT,SubPC w/ CCS,0.055114772676057,0.85164698271449,0.12660674485600,17.235798815869,302.37257972438,0.0000000331738759327,16744.2579536833
ERCOT,NGCC,0.028541012390505,0.41841867323797,0.00622774660433,14.668863101090,468.99146152877,0.0000000038735096338,3142.7057399692
ERCOT,NGCC w/ CCS,0.032500771700536,0.47577865497150,0.00907940265588,16.600842293967,155.06159881410,0.0000000045998955982,5386.9629440759
ERCOT,OxyPC w/ CCS,0.051417888347567,0.79097896513110,0.13850103228765,15.973339134130,280.47127861353,0.0000000339121664452,14735.3002816289
ERCOT,SOFC Coal Conventional Gasifier w/ CCS,0.018356162856723,0.27313339728236,0.05230835557130,4.885987943495,141.11831680974,0.0000000364275270785,5925.7164093676
ERCOT,SOFC NG w/ CCS,0.023626581050410,0.35341137891108,0.01134479788449,11.824527854362,95.52384733416,0.0000000032405200215,4635.9624408340
ERCOT,SubPC w/ CCS w/ NG Aux,0.065409081333996,1.19658568391795,1.75638445457366,23.152540773057,438.03797987697,0.0000128011360868249,14130.2735001205
ISO-NE,Biomass,0.259610573139148,4.40218598049264,0.22438733987888,142.610289211167,1205.15839411838,0.0000691673471829512,35.2451085646
ISO-NE,Coal,0.122858690427470,1.99978369473888,0.19724274706514,36.928204887089,1156.25655430845,0.0000279969419282674,3048.2357004189
ISO-NE,Natural gas,0.070316460132254,0.88977866770260,0.02913576851083,29.190634068375,571.13218493294,0.0000006378062151380,176.9558694675
ISO-NE,Geothermal,0.003390945262127,0.37986426065236,0.01057009468528,0.463713893514,121.07014667834,0.0000000000098608630,126.9518493238
ISO-NE,Hydro,0.000187429251591,0.00262013880685,0.00414429816670,0.034155587329,12.96657709173,0.0000000018668218731,0.5730924797
ISO-NE,Mixed,0.142836812495490,2.62779731847483,0.11893278786179,69.349627490405,1822.90146706938,0.0000055173029555700,-886.3695290770
ISO-NE,Nuclear,0.022305884357726,0.24858260708536,0.01342059074098,2.103070143689,19.78312819217,0.0000000042528800580,257.9450073838
ISO-NE,Other fossil,0.335047130310903,5.34207559098567,0.08032337134312,182.478175230606,994.03616258649,0.0000000368848468557,0.2727103490
ISO-NE,Petroleum,0.225556778552814,6.35694782237979,0.46881683738101,99.848192577316,1148.23847187402,0.0000062039053152096,425.9796446179
ISO-NE,Other fuels,0.412230490685179,8.56869018737097,3.14991879665074,159.346997371606,1.21860711842,0.0000000002676531909,-0.0200557544
ISO-NE,Solar,0.006902188068766,0.09968521281770,0.02018087151828,1.134578117259,22.33252056738,0.0000004793561676702,-0.0212284511
ISO-NE,Solar thermal,0.075643283854959,0.51519405675190,0.01116899596473,634.866577709412,84.75727534324,0.0000000071195643364,-4927.0484383883
ISO-NE,Wind,0.054359175893929,0.10470187953024,0.02212414900443,1.477486261137,29.42273289258,0.0000000154243576514,0.4281744321
ISO-NE,SCPC,0.043751089868018,1.00773550197324,0.12783976250666,13.896085861445,945.77864780071,0.0000000259556102456,8734.5323745537
ISO-NE,SCPC w/ CCS,0.052883895151131,0.81741225651504,0.12077228061438,16.559433998106,288.20653298508,0.0000000318450157198,15817.2440864951
ISO-NE,SubPC,0.046098171996673,1.05805863697696,0.13324979432727,14.657062827400,986.97099375753,0.0000000268336169952,9236.6700283505
ISO-NE,SubPC w/ CCS,0.054749343100890,0.84600027530784,0.12576729933641,17.121519642915,300.36774729950,0.0000000329539219203,16633.2378628183
ISO-NE,NGCC,0.028351775829665,0.41564441598208,0.00618645453897,14.571603579714,465.88188958967,0.0000000038478269554,3121.8685384773
ISO-NE,NGCC w/ CCS,0.032285280596818,0.47262408164537,0.00901920314686,16.490773097410,154.03348799321,0.0000000045693967354,5351.2455586180
ISO-NE,OxyPC w/ CCS,0.051076970365282,0.78573450719071,0.13758272362135,15.867430495658,278.61165921906,0.0000000336873173172,14637.6002592859
ISO-NE,SOFC Coal Conventional Gasifier w/ CCS,0.018234455291424,0.27132243052178,0.05196153349029,4.853592191653,140.18265466226,0.0000000361860002592,5886.4269063016
ISO-NE,SOFC NG w/ CCS,0.023469928830747,0.35106814199321,0.01126957803925,11.746127237239,94.89049193315,0.0000000032190342782,4605.2244425989
ISO-NE,SubPC w/ CCS w/ NG Aux,0.064975397012291,1.18865191631094,1.74473903186935,22.999031600689,435.13363998548,0.0000127162602269650,14036.5850098768
MISO,Biomass,0.260705841030221,4.42075830941076,0.22533400489934,143.211946026684,1210.24282221687,0.0000694591564631516,35.3938037247
MISO,Coal,0.085810585093439,2.64716797284217,0.26983700746529,35.162107016947,1131.61075335549,0.0000252982846651685,11684.3786834858
MISO,Natural gas,0.121873679964094,1.73706940240821,0.05606989268847,59.224818435376,705.57775946175,0.0000114440475276598,830.3734476480
MISO,Geothermal,0.003405251279872,0.38146686536382,0.01061468872926,0.465670250423,121.58092804838,0.0000000000099024649,127.4874449376
MISO,Hydro,0.000188219994582,0.00263119287861,0.00416178249585,0.034299685922,13.02128162619,0.0000000018746977852,0.5755102926
MISO,Mixed,0.104566065571428,2.91414917745071,0.22677807228485,45.765274934366,1188.45515718576,0.0000247960975187729,6950.6867145703
MISO,Nuclear,0.022437024281088,0.25021917144131,0.01356077175581,2.122225482423,19.98448313446,0.0000000060217212206,2119.7257079149
MISO,Other fossil,0.336460656575987,5.36461320875577,0.08066224663803,183.248030185799,998.22988966887,0.0000000370404598877,0.2738608834
MISO,Petroleum,0.226508377303880,6.38376707226967,0.47079472303709,100.269440903180,1153.08276120450,0.0000062300788959265,427.7768049621
MISO,Other fuels,0.413969644891069,8.60484053023757,3.16320795077008,160.019264481722,1.22374828518,0.0000000002687823896,-0.0201403674
MISO,Solar,0.006931307626103,0.10010577355024,0.02026601235180,1.139364775085,22.42673896692,0.0000004813785175787,-0.0213180116
MISO,Solar thermal,0.075962414385660,0.51736760269499,0.01121611670603,637.545008596383,85.11485678184,0.0000000071496009798,-4947.8351031496
MISO,Wind,0.054588511160293,0.10514360501698,0.02221748830772,1.483719609964,29.54686410270,0.0000000154894312863,0.4299808520
MISO,SCPC,0.043935670809204,1.01198702503202,0.12837910412662,13.954711889159,949.76878184060,0.0000000260651140542,8771.3823870077
MISO,SCPC w/ CCS,0.053107006373503,0.82086082714722,0.12128180532090,16.629296392896,289.42244402352,0.0000000319793662695,15883.9752652900
MISO,SubPC,0.046292655014120,1.06252246769826,0.13381196026471,14.718899331584,991.13491368502,0.0000000269468250158,9275.6385032479
MISO,SubPC w/ CCS,0.054980324438941,0.84956945558497,0.12629789746669,17.193753414000,301.63496513717,0.0000000330929508209,16703.4116278365
MISO,NGCC,0.028471388792055,0.41739797315590,0.00621255449682,14.633079540917,467.84739303019,0.0000000038640605058,3135.0393517034
MISO,NGCC w/ CCS,0.032421488574654,0.47461802963799,0.00905725415337,16.560345819561,154.68333800320,0.0000000045886745077,5373.8218634531
MISO,OxyPC w/ CCS,0.051292458374641,0.78904943295135,0.13816316970152,15.934373405285,279.78709056120,0.0000000338294403307,14699.3546530785
MISO,SOFC Coal Conventional Gasifier w/ CCS,0.018311384413186,0.27246710942559,0.05218075337226,4.874068952748,140.77406955989,0.0000000363386649358,5911.2610812185
MISO,SOFC NG w/ CCS,0.023568945828180,0.35254925910972,0.01131712312504,11.795682830649,95.29082427604,0.0000000032326150228,4624.6533680166
MISO,SubPC w/ CCS w/ NG Aux,0.065249520924875,1.19366670543087,1.75209989016106,23.096061935522,436.96942000954,0.0000127699087026519,14095.8037877399
Northwest,Biomass,0.258882548834813,4.38984095791806,0.22375809186697,142.210368070288,1201.77877598156,0.0000689733816244352,35.1462709274
Northwest,Coal,0.071975201814093,1.70806327339332,0.13165097660374,32.325393118755,1124.42030881853,0.0000250550746912371,7512.5537927018
Northwest,Natural gas,0.090181612197604,1.24469498366830,0.04771151372853,41.806740829245,623.59012765647,0.0000019365386761213,592.7019730308
Northwest,Geothermal,0.003381436055566,0.37879900968527,0.01054045303496,0.462413503547,120.73063042426,0.0000000000098332103,126.5958390478
Northwest,Hydro,0.000186903644914,0.00261279116801,0.00413267633731,0.034059805030,12.93021500080,0.0000000018615867562,0.5714853600
Northwest,Mixed,0.102845896822142,2.42461426001148,0.11066263741782,52.336375647755,954.81506460611,0.0000118932795069410,524.6162076660
Northwest,Nuclear,0.022198388436467,0.24715633776631,0.01333799945066,2.079922020330,19.72765048968,0.0000000042409537331,2880.5007234008
Northwest,Other fossil,0.334107559741744,5.32709484186283,0.08009812101592,181.966452826652,991.24859320131,0.0000000367814109107,0.2719455891
Northwest,Petroleum,0.224924251091361,6.33912107341451,0.46750213726011,99.568188916212,1145.01847391867,0.0000061865077423887,424.7850725683
Northwest,Other fuels,0.411074475301915,8.54466106314350,3.14108549909696,158.900141584853,1.21518978611,0.0000000002669026127,-0.0199995122
Northwest,Solar,0.006882832305992,0.09940566619972,0.02012427842667,1.131396426951,22.26989361982,0.0000004780119121714,-0.0211689203
Northwest,Solar thermal,0.075431157867792,0.51374930128516,0.01113767481930,633.086225341656,84.51959104682,0.0000000070995989867,-4913.2315473102
Northwest,Wind,0.054206736797416,0.10440826470521,0.02206210639194,1.473342955669,29.34022290700,0.0000000153811032218,0.4269737052
Northwest,SCPC,0.043628398960710,1.00490951561642,0.12748126226131,13.857117154894,943.12640666202,0.0000000258828230904,8710.0381801193
Northwest,SCPC w/ CCS,0.052735593175166,0.81511999244348,0.12043359966423,16.512996481055,287.39831720964,0.0000000317557129417,15772.8878879654
Northwest,SubPC,0.045968899181652,1.05509152976782,0.13287612276357,14.615960117909,984.20323718105,0.0000000267583676512,9210.7676924384
Northwest,SubPC w/ CCS,0.054595809860923,0.84362784203422,0.12541461088655,17.073505872611,299.52542790692,0.0000000328615094435,16586.5933780521
Northwest,NGCC,0.028272269122270,0.41447882694949,0.00616910590325,14.530740523056,464.57541992447,0.0000000038370365184,3113.1139020868
Northwest,NGCC w/ CCS,0.032194743186641,0.47129870489322,0.00899391065196,16.444528125693,153.60153284752,0.0000000045565828047,5336.2390942124
Northwest,OxyPC w/ CCS,0.050933735537177,0.78353107683318,0.13719690125117,15.822933559696,277.83035028803,0.0000000335928481842,14596.5521285529
Northwest,SOFC Coal Conventional Gasifier w/ CCS,0.018183320522651,0.27056156272914,0.05181581808735,4.839981293467,139.78954132174,0.0000000360845240853,5869.9196361945
Northwest,SOFC NG w/ CCS,0.023404112256318,0.35008364380133,0.01123797483213,11.713187646193,94.62439112092,0.0000000032100071606,4592.3100405367
Northwest,SubPC w/ CCS w/ NG Aux,0.064793186913384,1.18531858718645,1.73984627112943,22.934535560412,433.91339744408,0.0000126806000980513,13997.2223024436
NYISO,Biomass,0.261401148536501,4.43254855708545,0.22593497503644,143.593895048877,1213.47056316577,0.0000696444053731027,35.4881996819
NYISO,Coal,0.077966048315592,2.85449092734860,0.29748380684746,23.819349429511,1242.37231727211,0.0000220656020644916,2258.1531231941
NYISO,Natural gas,0.091058965200349,1.25680429126230,0.04817568639983,42.213467530041,629.65687072803,0.0000019553787476283,598.4682134328
NYISO,Geothermal,0.003414333150713,0.38248424485112,0.01064299830882,0.466912201962,121.90518672842,0.0000000000099288750,127.8274564121
NYISO,Hydro,0.000188721980937,0.00263821032077,0.00417288205004,0.034391163845,13.05600963543,0.0000000018796976404,0.5770451896
NYISO,Mixed,0.170142596494745,5.77846643324639,0.28238543375547,81.358990001766,1639.24727819799,0.0000024996358936175,426.4202749366
NYISO,Nuclear,0.022414350673959,0.24956085626851,0.01346776131212,2.100157030390,19.91957557255,0.0000000042822128479,963.0385070603
NYISO,Other fossil,0.337358003636416,5.37892073565122,0.08087737440555,183.736756216623,1000.89218803755,0.0000000371392475086,0.2745912756
NYISO,Petroleum,0.227112479514833,6.40079270217560,0.47205034164368,100.536861435973,1156.15805516823,0.0000062466946365019,428.9176939515
NYISO,Other fuels,0.415073709918257,8.62778980589391,3.17164428738381,160.446038946399,1.22701204546,0.0000000002694992375,-0.0201940821
NYISO,Solar,0.006949793557226,0.10037275757905,0.02032006219761,1.142403482916,22.48655151229,0.0000004826623633695,-0.0213748671
NYISO,Solar thermal,0.076165007609920,0.51874743206989,0.01124603030561,639.245353430687,85.34185974649,0.0000000071686691035,-4961.0310747990
NYISO,Wind,0.054734099772410,0.10542402503948,0.02227674277754,1.487676718780,29.62566615914,0.0000000155307418983,0.4311276192
NYISO,SCPC,0.044052848090642,1.01468601394605,0.12872149367338,13.991929374913,952.30183350003,0.0000000261346302161,8794.7758330082
NYISO,SCPC w/ CCS,0.053248643783780,0.82305007880522,0.12160526623486,16.673647047107,290.19433926384,0.0000000320646558561,15926.3381336779
NYISO,SubPC,0.046416118417892,1.06535623561256,0.13416883934358,14.758154919986,993.77828961591,0.0000000270186927178,9300.3768100360
NYISO,SubPC w/ CCS,0.055126958024629,0.85183527370872,0.12663473639515,17.239609485972,302.43943140685,0.0000000331812103590,16747.9599488079
NYISO,NGCC,0.028547322535094,0.41851118160069,0.00622912349948,14.672106246282,469.09515105081,0.0000000038743660297,3143.4005621201
NYISO,NGCC w/ CCS,0.032507957309998,0.47588384507703,0.00908141002489,16.604512581262,155.09588144904,0.0000000046009125911,5388.1539500082
NYISO,OxyPC w/ CCS,0.051429256350407,0.79115384300749,0.13853165353988,15.976870686484,280.53328812801,0.0000000339196641005,14738.5581154458
NYISO,SOFC Coal Conventional Gasifier w/ CCS,0.018360221228589,0.27319378446152,0.05231992044792,4.887068188651,141.14951671852,0.0000000364355808560,5927.0265285331
NYISO,SOFC NG w/ CCS,0.023631804661280,0.35348951478341,0.01134730611069,11.827142144263,95.54496674226,0.0000000032412364694,4636.9874077451
NYISO,SubPC w/ CCS w/ NG Aux,0.065423542655654,1.19685023755659,1.75677277436100,23.157659578160,438.13482588056,0.0000128039662954560,14133.3975683086
PJM,Biomass,0.259534646434642,4.40089850028688,0.22432171469634,142.568580858700,1204.80592886950,0.0000691471182351562,35.2348006449
PJM,Coal,0.060373335888247,2.03799106108412,0.27521418352384,25.263602195312,1180.67092511712,0.0000200567413641149,3050.3566144206
PJM,Natural gas,0.071771072252181,0.88574242817690,0.04461028754376,29.351895885150,567.94610986204,0.0000008743159947595,497.8877335205
PJM,Geothermal,0.003389953533263,0.37975316409291,0.01056700331483,0.463578273970,121.03473803862,0.0000000000098579791,126.9147204987
PJM,Hydro,0.000187374435312,0.00261937251100,0.00414308610935,0.034145598055,12.96278483683,0.0000000018662758952,0.5729248709
PJM,Mixed,0.098048703081905,2.79120072807418,0.23945979478325,42.328516732342,1200.01762402124,0.0000168134889352986,2133.0456874418
PJM,Nuclear,0.022299830198794,0.24847264742733,0.01427222425274,2.101441222753,19.77910416446,0.0000000045403243213,489.9250498513
PJM,Other fossil,0.334949141141390,5.34051322705748,0.08029987966169,182.424806963197,993.74544295565,0.0000000368740593718,0.2726305911
PJM,Petroleum,0.225490811351758,6.35508864502412,0.46867972540961,99.818990591736,1147.90265364404,0.0000062020908972529,425.8550609763
PJM,Other fuels,0.412109928173890,8.56618415535541,3.14899755931129,159.300394137242,1.21825071991,0.0000000002675749120,-0.0200498888
PJM,Solar,0.006900169428355,0.09965605849781,0.02017496934315,1.134246294189,22.32598911271,0.0000004792159733258,-0.0212222426
PJM,Solar thermal,0.075621160929873,0.51504338112094,0.01116572943731,634.680902193719,84.73248690523,0.0000000071174821213,-4925.6074548939
PJM,Wind,0.054343277800737,0.10467125801674,0.02211767849091,1.477054149835,29.41412780720,0.0000000154198465845,0.4280492065
PJM,SCPC,0.043738294256375,1.00744077578103,0.12780237399911,13.892021758846,945.50204174784,0.0000000259480191683,8731.9778396956
PJM,SCPC w/ CCS,0.052868428524207,0.81717319298959,0.12073695908971,16.554590962490,288.12224299641,0.0000000318357022043,15812.6181145890
PJM,SubPC,0.046084689948384,1.05774919308757,0.13321082358106,14.652776166557,986.68234043308,0.0000000268257691326,9233.9686363872
PJM,SubPC w/ CCS,0.054733330897900,0.84575285082070,0.12573051694940,17.116512217574,300.27990059543,0.0000000329442840899,16628.3732422409
PJM,NGCC,0.028343483960502,0.41552285502110,0.00618464522473,14.567341912611,465.74563598436,0.0000000038467016052,3120.9555048240
PJM,NGCC w/ CCS,0.032275838319756,0.47248585619270,0.00901656535609,16.485950142624,153.98843876818,0.0000000045680603521,5349.6805128059
PJM,OxyPC w/ CCS,0.051062032198515,0.78550470826139,0.13754248565001,15.862789846042,278.53017538399,0.0000000336774649951,14633.3192905406
PJM,SOFC Coal Conventional Gasifier w/ CCS,0.018229122372652,0.27124307852252,0.05194633662079,4.852172691454,140.14165630511,0.0000000361754171627,5884.7053392987
PJM,SOFC NG w/ CCS,0.023463064725293,0.35096546725713,0.01126628209520,11.742691919790,94.86273989573,0.0000000032180928271,4603.8775809853
PJM,SubPC w/ CCS w/ NG Aux,0.064956394058330,1.18830427860990,1.74422875879644,22.992305215646,435.00637913126,0.0000127125411806988,14032.4798163578
Southeast,Biomass,0.260531152261538,4.41779613248883,0.22518301741205,143.115985313210,1209.43188592337,0.0000694126146040651,35.3700877237
Southeast,Coal,0.079582628707248,1.81774182468701,0.25916905175043,30.948190167784,1151.08399654676,0.0000201564125001641,5672.1657493445
Southeast,Natural gas,0.071567855961460,0.93156286000810,0.04331583357147,30.835535747806,567.80308596571,0.0000007170758438278,831.1141135381
Southeast,Geothermal,0.003402969554419,0.38121125936458,0.01060757624226,0.465358223034,121.49946143247,0.0000000000098958296,127.4020205962
Southeast,Hydro,0.000188093875738,0.00262942981937,0.00415899384848,0.034276703046,13.01255657559,0.0000000018734416237,0.5751246657
Southeast,Mixed,0.085503441391535,1.94067595202739,0.17510584867765,37.424830141652,929.70422034133,0.0000142533746011111,-15467.3985919288
Southeast,Nuclear,0.022415263374299,0.24996808168529,0.01355955877946,2.122282539359,19.85327916703,0.0000000042679607712,580.0847244418
Southeast,Other fossil,0.336235207473753,5.36101859164942,0.08060819802720,183.125242861088,997.56101493404,0.0000000370156405269,0.2736773799
Southeast,Petroleum,0.226356602915661,6.37948956009349,0.47047926194061,100.202254279748,1152.31012562815,0.0000062259043641752,427.4901684870
Southeast,Other fuels,0.413692260052847,8.59907476376685,3.16108840906813,159.912041842723,1.22292829941,0.0000000002686022891,-0.0201268721
Southeast,Solar,0.006926663228456,0.10003869659389,0.02025243289102,1.138601331394,22.41171168790,0.0000004810559646962,-0.0213037272
Southeast,Solar thermal,0.075911514948261,0.51702093493675,0.01120860122571,637.117814667428,85.05782465141,0.0000000071448103123,-4944.5197527210
Southeast,Wind,0.054551933537938,0.10507315240717,0.02220260123936,1.482725427590,29.52706590682,0.0000000154790524254,0.4296927387
Southeast,SCPC,0.043906231237752,1.01130893217984,0.12829308231930,13.945361383518,949.13237899525,0.0000000260476488426,8765.5050273645
Southeast,SCPC w/ CCS,0.053071421449456,0.82031080047123,0.12120053913541,16.618153752979,289.22851338439,0.0000000319579381492,15873.3320358560
Southeast,SubPC,0.046261636119908,1.06181051302611,0.13372229811337,14.709036773882,990.47079301559,0.0000000269287690042,9269.4232613397
Southeast,SubPC w/ CCS,0.054943484277861,0.84900019238197,0.12621327019441,17.182232553550,301.43285136618,0.0000000330707765313,16692.2193262044
Southeast,NGCC,0.028452311230037,0.41711829112924,0.00620839170748,14.623274487694,467.53390682406,0.0000000038614713502,3132.9386846760
Southeast,NGCC w/ CCS,0.032399764205550,0.47430000669357,0.00905118524226,16.549249380721,154.57969075945,0.0000000045855998167,5370.2210759881
Southeast,OxyPC w/ CCS,0.051258089308107,0.78852072184412,0.13807059197524,15.923696406032,279.59961619488,0.0000000338067725483,14689.5051914990
Southeast,SOFC Coal Conventional Gasifier w/ CCS,0.018299114671997,0.27228453989181,0.05214578909406,4.870803030126,140.67974237191,0.0000000363143158203,5907.3001767925
Southeast,SOFC NG w/ CCS,0.023553153201097,0.35231302966534,0.01130953996428,11.787779005781,95.22697362853,0.0000000032304489741,4621.5545690052
Southeast,SubPC w/ CCS w/ NG Aux,0.065205799777614,1.19286687614371,1.75092587667823,23.080586169406,436.67662392322,0.0000127613520872012,14086.3587419460
Southwest,Biomass,0.258719996163362,4.38708457137070,0.22361759388534,142.121074004922,1201.02417760709,0.0000689300731531130,35.1242025406
Southwest,Coal,0.080131846131815,1.55669211522730,0.18088718490246,36.540679411122,1119.75506595620,0.0000247378097724776,5344.2418804198
Southwest,Natural gas,0.090124987052168,1.24391343815414,0.04768155561027,41.780490325157,623.19857464682,0.0000019353227211000,592.3298147315
Southwest,Geothermal,0.003379312847699,0.37856116132027,0.01053383467151,0.462123153538,120.65482351263,0.0000000000098270360,126.5163493645
Southwest,Hydro,0.000186786287885,0.00261115059321,0.00413008142474,0.034038418836,12.92209610286,0.0000000018604178636,0.5711265237
Southwest,Mixed,0.153267828107342,2.65850700817462,0.12525341810851,72.419069835050,1081.76812862125,0.0000280101821118136,1963.1876273330
Southwest,Nuclear,0.022184450041012,0.24700114799724,0.01332962450437,2.078616034730,19.71526347363,0.0000000042382908330,42.9370624804
Southwest,Other fossil,0.333897773193240,5.32374995244671,0.08004782730703,181.852195866674,990.62618698806,0.0000000367583158174,0.2717748341
Southwest,Petroleum,0.224783020876913,6.33514073148041,0.46720859209199,99.505669927687,1144.29951540781,0.0000061826232265532,424.5183494978
Southwest,Other fuels,0.410816361132280,8.53929585993182,3.13911320764112,158.800367990130,1.21442676695,0.0000000002667350242,-0.0199869545
Southwest,Solar,0.006878510567105,0.09934324925941,0.02011164236744,1.130686021740,22.25591032617,0.0000004777117679026,-0.0211556283
Southwest,Solar thermal,0.075383794550808,0.51342671746576,0.01113068145955,632.688709720572,84.46652109145,0.0000000070951411397,-4910.1465231668
Southwest,Wind,0.054172700320579,0.10434270662713,0.02204825356815,1.472417841811,29.32180014488,0.0000000153714454081,0.4267056079
Southwest,SCPC,0.043601004635237,1.00427853169315,0.12740121661963,13.848416253956,942.53421642900,0.0000000258665712339,8704.5691364121
Southwest,SCPC w/ CCS,0.052702480431222,0.81460817759570,0.12035797925859,16.502627950215,287.21785945209,0.0000000317357734904,15762.9840722226
Southwest,SubPC,0.045940035253206,1.05442903649602,0.13279268968233,14.606782738539,983.58525475553,0.0000000267415660391,9204.9842400533
Southwest,SubPC w/ CCS,0.054561529084629,0.84309812707255,0.12533586289782,17.062785397233,299.33735552162,0.0000000328408756612,16576.1786356293
Southwest,NGCC,0.028254516929647,0.41421857518325,0.00616523231405,14.521616653175,464.28371244578,0.0000000038346272384,3111.1591740312
Southwest,NGCC w/ CCS,0.032174528067718,0.47100277585560,0.00898826336438,16.434202586217,153.50508625576,0.0000000045537217208,5332.8884631089
Southwest,OxyPC w/ CCS,0.050901754181864,0.78303909670444,0.13711075514780,15.812998320214,277.65590026869,0.0000000335717551934,14587.3869354831
Southwest,SOFC Coal Conventional Gasifier w/ CCS,0.018171903193286,0.27039167679047,0.05178328287132,4.836942263249,139.70176729647,0.0000000360618665681,5866.2339064210
Southwest,SOFC NG w/ CCS,0.023389416785389,0.34986382584995,0.01123091849388,11.705832921235,94.56497634912,0.0000000032079915931,4589.4265234028
Southwest,SubPC w/ CCS w/ NG Aux,0.064752503191473,1.18457432418481,1.73875381951166,22.920134937270,433.64094268708,0.0000126726379336227,13988.4334293102
SPP,Biomass,0.260214303673485,4.41242336821578,0.22490915795033,142.941932815147,1207.96101849706,0.0000693281974864210,35.3270718990
SPP,Coal,0.084570295072810,2.68689850241571,0.24264357226899,34.528102829600,1134.36854293499,0.0000309923621808136,16379.9127926069
SPP,Natural gas,0.090645528359369,1.25109799760119,0.04795695336730,42.021804879097,626.79802704402,0.0000019465007023907,595.7509762333
SPP,Geothermal,0.003398830985618,0.38074764398411,0.01059467569073,0.464792271153,121.35169817088,0.0000000000098837947,127.2470788551
SPP,Hydro,0.000187865122753,0.00262623200168,0.00415393583021,0.034235016956,12.99673117375,0.0000000018711632116,0.5744252198
SPP,Mixed,0.112393426091689,3.14410301184078,0.21502772795347,49.091732379083,1097.89294766805,0.0000172462048305047,10053.0128121311
SPP,Nuclear,0.022388798628139,0.24963660983019,0.01347266032319,2.119696410993,19.82913432516,0.0000000042627702313,1795.9439759252
SPP,Other fossil,0.335826290344968,5.35449871425070,0.08051016524490,182.902532547431,996.34781721724,0.0000000369706234403,0.2733445434
SPP,Petroleum,0.226081316181588,6.37173105504689,0.46990708203598,100.080391913146,1150.90872762589,0.0000062183326439029,426.9702703669
SPP,Other fuels,0.413189142451176,8.58861687927275,3.15724400738936,159.717562586670,1.22144101813,0.0000000002682756247,-0.0201023945
SPP,Solar,0.006918239270535,0.09991703314024,0.02022780261279,1.137216605533,22.38445537270,0.0000004804709217873,-0.0212778184
SPP,Solar thermal,0.075819194102483,0.51639215272853,0.01119496972928,636.342974966883,84.95438039375,0.0000000071361210518,-4938.5064061839
SPP,Wind,0.054485589444470,0.10494536622999,0.02217559923675,1.480922190418,29.49115615453,0.0000000154602273603,0.4291701618
SPP,SCPC,0.043852834063350,1.01007901474208,0.12813705690108,13.928401538118,947.97807843829,0.0000000260159706318,8754.8447363882
SPP,SCPC w/ CCS,0.053006877901376,0.81931316807050,0.12105313941233,16.597943353927,288.87676410107,0.0000000319190720578,15854.0274621050
SPP,SubPC,0.046205374387065,1.06051917738769,0.13355966987878,14.691148174023,989.26621817089,0.0000000268960192069,9258.1501231874
SPP,SubPC w/ CCS,0.054876663994509,0.84796766897784,0.12605977416866,17.161336142211,301.06625960731,0.0000000330305570460,16671.9188512743
SPP,NGCC,0.028417708555609,0.41661100691218,0.00620084128547,14.605490188834,466.96530895406,0.0000000038567751681,3129.1285176764
SPP,NGCC w/ CCS,0.032360360781228,0.47372318013701,0.00904017751731,16.529122780681,154.39169651641,0.0000000045800229756,5363.6900068599
SPP,OxyPC w/ CCS,0.051195751069157,0.78756175139012,0.13790267550252,15.904330580951,279.25957722894,0.0000000337656579712,14671.6403452466
SPP,SOFC Coal Conventional Gasifier w/ CCS,0.018276859948920,0.27195339725775,0.05208237126665,4.864879335208,140.50865274462,0.0000000362701516595,5900.1159314384
SPP,SOFC NG w/ CCS,0.023524508705914,0.35188455926925,0.01129578570979,11.773443134229,95.11116201876,0.0000000032265202186,4615.9340010728
SPP,SubPC w/ CCS w/ NG Aux,0.065126498836391,1.19141615448466,1.74879646379614,23.052516393198,436.14555356743,0.0000127458321911911,14069.2274206454
